{
  "accuracy": 0.0,
  "backend": "sim_quantum_statevector",
  "calibration_slope": -0.578627,
  "data_mode": "synthetic_positional_key_query_offset_selection_response+readout_symbolic_positional_key_query_offset_selection_regressor+head_linear",
  "dataset": "synthetic_positional_key_query_offset_selection_response",
  "dataset_diagnostics": "{\"bounded_candidate_count_pass\": true, \"candidate_set_nontrivial_pass\": true, \"coarse_key_query_selection_state_null_max_abs_mean\": 1e-06, \"coarse_key_query_selection_state_null_pass\": true, \"dataset\": \"synthetic_positional_key_query_offset_selection_response\", \"key_query_selection_bucket_counts\": {\"0000\": 4, \"0001\": 4, \"0010\": 4, \"0011\": 4, \"0020\": 4, \"0021\": 4, \"0030\": 4, \"0031\": 4, \"0100\": 4, \"0101\": 4, \"0110\": 4, \"0111\": 4, \"0120\": 4, \"0121\": 4, \"0130\": 4, \"0131\": 4, \"0201\": 4, \"0210\": 4, \"0211\": 4, \"0220\": 4, \"0221\": 4, \"0230\": 4, \"0231\": 4, \"1200\": 4, \"1201\": 4, \"1210\": 4, \"1211\": 4, \"1220\": 4, \"1221\": 4, \"1230\": 4, \"1231\": 4}, \"latent_key_query_selection_group_counts\": {\"0000\": 4, \"0001\": 4, \"0010\": 4, \"0011\": 4, \"0020\": 4, \"0021\": 4, \"0030\": 4, \"0031\": 4, \"0100\": 4, \"0101\": 4, \"0110\": 4, \"0111\": 4, \"0120\": 4, \"0121\": 4, \"0130\": 4, \"0131\": 4, \"0201\": 4, \"0210\": 4, \"0211\": 4, \"0220\": 4, \"0221\": 4, \"0230\": 4, \"0231\": 4, \"1200\": 4, \"1201\": 4, \"1210\": 4, \"1211\": 4, \"1220\": 4, \"1221\": 4, \"1230\": 4, \"1231\": 4}, \"target_selection_nontrivial_pass\": true, \"target_slot_values\": [0, 1, 2, 3], \"token_view_balance_pass\": true, \"within_key_query_selection_state_target_ranges\": {\"0000\": 0.076214, \"0001\": 0.02734, \"0010\": 0.036616, \"0011\": 0.129853, \"0020\": 0.076231, \"0021\": 0.117548, \"0030\": 0.042918, \"0031\": 0.046758, \"0100\": 0.026098, \"0101\": 0.045306, \"0110\": 0.02367, \"0111\": 0.020275, \"0120\": 0.030134, \"0121\": 0.029303, \"0130\": 0.046829, \"0131\": 0.078754, \"0201\": 0.331509, \"0210\": 0.240205, \"0211\": 0.028847, \"0220\": 0.251454, \"0221\": 0.291181, \"0230\": 0.253225, \"0231\": 0.392499, \"1200\": 0.302357, \"1201\": 0.069242, \"1210\": 0.029875, \"1211\": 0.055018, \"1220\": 0.320416, \"1221\": 0.278087, \"1230\": 0.330176, \"1231\": 0.29456}, \"within_key_query_selection_state_variation_pass\": true}",
  "eval_loss": 0.0673919861019372,
  "f1": 0.0,
  "family": "control",
  "mae": 0.067392,
  "pair_reindex": 7,
  "rank_correlation": -0.269758,
  "run_diagnostics": "{\"allowed_key_query_selection_symbolic_basis_frozen_pass\": true, \"bounded_candidate_count_pass\": true, \"calibration_slope\": -0.578627, \"candidate_set_nontrivial_pass\": true, \"coarse_key_query_selection_state_null_max_abs_mean\": 1e-06, \"coarse_key_query_selection_state_null_pass\": true, \"coefficients\": {\"candidate_gap_spread\": -0.007336, \"confusable_count\": 0.010566, \"cross_mean_content_orientation\": 0.007814, \"cross_mean_sector_content\": -0.003712, \"cross_mean_sector_orientation\": 0.001759, \"mean_ordered_content_delta\": 0.016311, \"mean_orientation_delta\": 0.026468, \"mean_sector_magnitude_delta\": 0.047859, \"mean_token_overlap\": 0.005766, \"query_anchor_sign\": -0.03512, \"query_candidate_content_mix\": -0.004299, \"query_candidate_orientation_mix\": 0.008737, \"query_desired_bucket\": -0.007875, \"query_desired_gap\": -0.04596, \"query_desired_side\": -0.004323, \"selected_target_slot\": -0.024847, \"target_gap\": 0.006754, \"target_token_overlap\": -0.002038}, \"dataset\": \"synthetic_positional_key_query_offset_selection_response\", \"feature_order\": [\"query_anchor_sign\", \"query_desired_gap\", \"query_desired_side\", \"query_desired_bucket\", \"selected_target_slot\", \"confusable_count\", \"candidate_gap_spread\", \"target_gap\", \"target_token_overlap\", \"mean_token_overlap\", \"mean_sector_magnitude_delta\", \"mean_ordered_content_delta\", \"mean_orientation_delta\", \"query_candidate_content_mix\", \"query_candidate_orientation_mix\", \"cross_mean_sector_content\", \"cross_mean_sector_orientation\", \"cross_mean_content_orientation\"], \"forbidden_inputs_absent\": true, \"forbidden_key_query_selection_feature_family_absent_pass\": true, \"intercept\": 0.004483, \"key_query_selection_bucket_counts\": {\"0000\": 4, \"0001\": 4, \"0010\": 4, \"0011\": 4, \"0020\": 4, \"0021\": 4, \"0030\": 4, \"0031\": 4, \"0100\": 4, \"0101\": 4, \"0110\": 4, \"0111\": 4, \"0120\": 4, \"0121\": 4, \"0130\": 4, \"0131\": 4, \"0201\": 4, \"0210\": 4, \"0211\": 4, \"0220\": 4, \"0221\": 4, \"0230\": 4, \"0231\": 4, \"1200\": 4, \"1201\": 4, \"1210\": 4, \"1211\": 4, \"1220\": 4, \"1221\": 4, \"1230\": 4, \"1231\": 4}, \"latent_key_query_selection_group_counts\": {\"0000\": 4, \"0001\": 4, \"0010\": 4, \"0011\": 4, \"0020\": 4, \"0021\": 4, \"0030\": 4, \"0031\": 4, \"0100\": 4, \"0101\": 4, \"0110\": 4, \"0111\": 4, \"0120\": 4, \"0121\": 4, \"0130\": 4, \"0131\": 4, \"0201\": 4, \"0210\": 4, \"0211\": 4, \"0220\": 4, \"0221\": 4, \"0230\": 4, \"0231\": 4, \"1200\": 4, \"1201\": 4, \"1210\": 4, \"1211\": 4, \"1220\": 4, \"1221\": 4, \"1230\": 4, \"1231\": 4}, \"mae\": 0.067392, \"rank_correlation\": -0.269758, \"target_selection_nontrivial_pass\": true, \"target_slot_values\": [0, 1, 2, 3], \"token_view_balance_pass\": true, \"within_key_query_selection_state_target_ranges\": {\"0000\": 0.076214, \"0001\": 0.02734, \"0010\": 0.036616, \"0011\": 0.129853, \"0020\": 0.076231, \"0021\": 0.117548, \"0030\": 0.042918, \"0031\": 0.046758, \"0100\": 0.026098, \"0101\": 0.045306, \"0110\": 0.02367, \"0111\": 0.020275, \"0120\": 0.030134, \"0121\": 0.029303, \"0130\": 0.046829, \"0131\": 0.078754, \"0201\": 0.331509, \"0210\": 0.240205, \"0211\": 0.028847, \"0220\": 0.251454, \"0221\": 0.291181, \"0230\": 0.253225, \"0231\": 0.392499, \"1200\": 0.302357, \"1201\": 0.069242, \"1210\": 0.029875, \"1211\": 0.055018, \"1220\": 0.320416, \"1221\": 0.278087, \"1230\": 0.330176, \"1231\": 0.29456}, \"within_key_query_selection_state_variation_pass\": true}",
  "seed": 123,
  "train_loss_final": 0.04728606013302289,
  "variant": "V_control_symbolic_positional_key_query_offset_selection_regressor"
}