{
  "accuracy": 0.0,
  "backend": "sim_quantum_statevector",
  "calibration_slope": 0.43636,
  "data_mode": "synthetic_positional_key_query_offset_selection_response+readout_symbolic_positional_key_query_offset_selection_regressor+head_linear",
  "dataset": "synthetic_positional_key_query_offset_selection_response",
  "dataset_diagnostics": "{\"bounded_candidate_count_pass\": true, \"candidate_set_nontrivial_pass\": true, \"coarse_key_query_selection_state_null_max_abs_mean\": 1e-06, \"coarse_key_query_selection_state_null_pass\": true, \"dataset\": \"synthetic_positional_key_query_offset_selection_response\", \"key_query_selection_bucket_counts\": {\"0000\": 4, \"0010\": 4, \"0020\": 4, \"0030\": 4, \"0100\": 4, \"0101\": 4, \"0110\": 4, \"0111\": 4, \"0120\": 4, \"0121\": 4, \"0130\": 4, \"0131\": 4, \"0200\": 4, \"0201\": 4, \"0210\": 4, \"0211\": 4, \"0220\": 4, \"0221\": 4, \"0230\": 4, \"0231\": 4, \"1000\": 4, \"1001\": 4, \"1010\": 4, \"1011\": 4, \"1020\": 4, \"1021\": 4, \"1030\": 4, \"1031\": 4, \"1200\": 4, \"1201\": 4, \"1210\": 4, \"1211\": 4, \"1220\": 4, \"1221\": 4, \"1230\": 4, \"1231\": 4}, \"latent_key_query_selection_group_counts\": {\"0000\": 4, \"0010\": 4, \"0020\": 4, \"0030\": 4, \"0100\": 4, \"0101\": 4, \"0110\": 4, \"0111\": 4, \"0120\": 4, \"0121\": 4, \"0130\": 4, \"0131\": 4, \"0200\": 4, \"0201\": 4, \"0210\": 4, \"0211\": 4, \"0220\": 4, \"0221\": 4, \"0230\": 4, \"0231\": 4, \"1000\": 4, \"1001\": 4, \"1010\": 4, \"1011\": 4, \"1020\": 4, \"1021\": 4, \"1030\": 4, \"1031\": 4, \"1200\": 4, \"1201\": 4, \"1210\": 4, \"1211\": 4, \"1220\": 4, \"1221\": 4, \"1230\": 4, \"1231\": 4}, \"target_selection_nontrivial_pass\": true, \"target_slot_values\": [0, 1, 2, 3], \"token_view_balance_pass\": true, \"within_key_query_selection_state_target_ranges\": {\"0000\": 0.029074, \"0010\": 0.068693, \"0020\": 0.056588, \"0030\": 0.042222, \"0100\": 0.070138, \"0101\": 0.070681, \"0110\": 0.081142, \"0111\": 0.071231, \"0120\": 0.049083, \"0121\": 0.082551, \"0130\": 0.06957, \"0131\": 0.04909, \"0200\": 0.146378, \"0201\": 0.031397, \"0210\": 0.202966, \"0211\": 0.080595, \"0220\": 0.284044, \"0221\": 0.319083, \"0230\": 0.309105, \"0231\": 0.298454, \"1000\": 0.08255, \"1001\": 0.029415, \"1010\": 0.049091, \"1011\": 0.074079, \"1020\": 0.070681, \"1021\": 0.051817, \"1030\": 0.071232, \"1031\": 0.045029, \"1200\": 0.082551, \"1201\": 0.115082, \"1210\": 0.250675, \"1211\": 0.066447, \"1220\": 0.238258, \"1221\": 0.107812, \"1230\": 0.20814, \"1231\": 0.308519}, \"within_key_query_selection_state_variation_pass\": true}",
  "eval_loss": 0.03991819836987943,
  "f1": 0.0,
  "family": "control",
  "mae": 0.039918,
  "pair_reindex": 7,
  "rank_correlation": 0.264676,
  "run_diagnostics": "{\"allowed_key_query_selection_symbolic_basis_frozen_pass\": true, \"bounded_candidate_count_pass\": true, \"calibration_slope\": 0.43636, \"candidate_set_nontrivial_pass\": true, \"coarse_key_query_selection_state_null_max_abs_mean\": 1e-06, \"coarse_key_query_selection_state_null_pass\": true, \"coefficients\": {\"candidate_gap_spread\": -0.026783, \"confusable_count\": -0.055014, \"cross_mean_content_orientation\": -0.019474, \"cross_mean_sector_content\": -0.001099, \"cross_mean_sector_orientation\": -0.003508, \"mean_ordered_content_delta\": -0.069452, \"mean_orientation_delta\": -0.017264, \"mean_sector_magnitude_delta\": 0.00188, \"mean_token_overlap\": 0.025163, \"query_anchor_sign\": 0.017898, \"query_candidate_content_mix\": 0.017847, \"query_candidate_orientation_mix\": 0.021762, \"query_desired_bucket\": -0.021341, \"query_desired_gap\": -0.016204, \"query_desired_side\": 0.018131, \"selected_target_slot\": 0.01504, \"target_gap\": 0.000335, \"target_token_overlap\": 0.055798}, \"dataset\": \"synthetic_positional_key_query_offset_selection_response\", \"feature_order\": [\"query_anchor_sign\", \"query_desired_gap\", \"query_desired_side\", \"query_desired_bucket\", \"selected_target_slot\", \"confusable_count\", \"candidate_gap_spread\", \"target_gap\", \"target_token_overlap\", \"mean_token_overlap\", \"mean_sector_magnitude_delta\", \"mean_ordered_content_delta\", \"mean_orientation_delta\", \"query_candidate_content_mix\", \"query_candidate_orientation_mix\", \"cross_mean_sector_content\", \"cross_mean_sector_orientation\", \"cross_mean_content_orientation\"], \"forbidden_inputs_absent\": true, \"forbidden_key_query_selection_feature_family_absent_pass\": true, \"intercept\": 0.014391, \"key_query_selection_bucket_counts\": {\"0000\": 4, \"0010\": 4, \"0020\": 4, \"0030\": 4, \"0100\": 4, \"0101\": 4, \"0110\": 4, \"0111\": 4, \"0120\": 4, \"0121\": 4, \"0130\": 4, \"0131\": 4, \"0200\": 4, \"0201\": 4, \"0210\": 4, \"0211\": 4, \"0220\": 4, \"0221\": 4, \"0230\": 4, \"0231\": 4, \"1000\": 4, \"1001\": 4, \"1010\": 4, \"1011\": 4, \"1020\": 4, \"1021\": 4, \"1030\": 4, \"1031\": 4, \"1200\": 4, \"1201\": 4, \"1210\": 4, \"1211\": 4, \"1220\": 4, \"1221\": 4, \"1230\": 4, \"1231\": 4}, \"latent_key_query_selection_group_counts\": {\"0000\": 4, \"0010\": 4, \"0020\": 4, \"0030\": 4, \"0100\": 4, \"0101\": 4, \"0110\": 4, \"0111\": 4, \"0120\": 4, \"0121\": 4, \"0130\": 4, \"0131\": 4, \"0200\": 4, \"0201\": 4, \"0210\": 4, \"0211\": 4, \"0220\": 4, \"0221\": 4, \"0230\": 4, \"0231\": 4, \"1000\": 4, \"1001\": 4, \"1010\": 4, \"1011\": 4, \"1020\": 4, \"1021\": 4, \"1030\": 4, \"1031\": 4, \"1200\": 4, \"1201\": 4, \"1210\": 4, \"1211\": 4, \"1220\": 4, \"1221\": 4, \"1230\": 4, \"1231\": 4}, \"mae\": 0.039918, \"rank_correlation\": 0.264676, \"target_selection_nontrivial_pass\": true, \"target_slot_values\": [0, 1, 2, 3], \"token_view_balance_pass\": true, \"within_key_query_selection_state_target_ranges\": {\"0000\": 0.029074, \"0010\": 0.068693, \"0020\": 0.056588, \"0030\": 0.042222, \"0100\": 0.070138, \"0101\": 0.070681, \"0110\": 0.081142, \"0111\": 0.071231, \"0120\": 0.049083, \"0121\": 0.082551, \"0130\": 0.06957, \"0131\": 0.04909, \"0200\": 0.146378, \"0201\": 0.031397, \"0210\": 0.202966, \"0211\": 0.080595, \"0220\": 0.284044, \"0221\": 0.319083, \"0230\": 0.309105, \"0231\": 0.298454, \"1000\": 0.08255, \"1001\": 0.029415, \"1010\": 0.049091, \"1011\": 0.074079, \"1020\": 0.070681, \"1021\": 0.051817, \"1030\": 0.071232, \"1031\": 0.045029, \"1200\": 0.082551, \"1201\": 0.115082, \"1210\": 0.250675, \"1211\": 0.066447, \"1220\": 0.238258, \"1221\": 0.107812, \"1230\": 0.20814, \"1231\": 0.308519}, \"within_key_query_selection_state_variation_pass\": true}",
  "seed": 42,
  "train_loss_final": 0.0346442655547202,
  "variant": "V_control_symbolic_positional_key_query_offset_selection_regressor"
}