difference_mod_lcm,score
0,0.039240250725
1,0.0
2,0.258819045103
3,1.224744871392
4,2.331951230074
5,2.449489742783
6,1.319479216882
7,-0.0
8,-0.400099577495
9,-0.0
10,0.258819045103
11,0.0
12,-0.228708941706
13,0.0
14,0.258819045103
15,0.0
16,-0.400099577495
17,0.0
18,1.319479216882
19,2.449489742783
20,2.331951230074
21,1.224744871392
22,0.258819045103
23,0.0
