method,period_pair,row_count,seed_count,sequence_length_min,sequence_length_max,top1_accuracy,top1_ci_low,top1_ci_high,mrr,mrr_ci_low,mrr_ci_high,mean_target_probability,mean_target_probability_ci_low,mean_target_probability_ci_high,mean_rank,rank_correlation
phasewrap_rope_8_12,"[8, 12]",160,5,128,1024,1.0,1.0,1.0,1.0,1.0,1.0,0.219558,0.204672,0.234159,1.0,0.0
phasewrap_rope_8_16,"[8, 16]",160,5,128,1024,0.23125,0.16875,0.29375,0.411437,0.356164,0.464051,0.091389,0.081956,0.10077,5.5,0.755831
phasewrap_rope_6_12,"[6, 12]",160,5,128,1024,0.0875,0.04375,0.13125,0.164941,0.122352,0.208361,0.039253,0.03356,0.046364,15.225,0.932931
phasewrap_rope_7_11,"[7, 11]",160,5,128,1024,0.0375,0.0125,0.06875,0.169347,0.139425,0.20201,0.045133,0.037338,0.054072,12.1875,0.932261
phasewrap_rope_16_32,"[16, 32]",160,5,128,1024,0.0375,0.0125,0.06875,0.167811,0.14085,0.19885,0.048531,0.042105,0.055493,10.48125,0.937149
phasewrap_rope_8_24,"[8, 24]",160,5,128,1024,0.01875,0.0,0.04375,0.233731,0.211574,0.256025,0.041102,0.036615,0.045649,5.81875,0.914899
phasewrap_rope_4_8,"[4, 8]",160,5,128,1024,0.01875,0.0,0.0375,0.10868,0.08951,0.130769,0.042318,0.03823,0.046457,15.825,0.772125
phasewrap_rope_12_24,"[12, 24]",160,5,128,1024,0.0,0.0,0.0,0.155435,0.142599,0.169291,0.058734,0.053895,0.063643,8.45,0.953636
