method,seed_count,failed_run_count,test_sequence_length_min,test_sequence_length_max,test_loss_mean,test_loss_ci_low,test_loss_ci_high,test_perplexity_mean,test_perplexity_ci_low,test_perplexity_ci_high,test_top1_accuracy_mean,test_top1_accuracy_ci_low,test_top1_accuracy_ci_high,test_mrr_mean,test_mrr_ci_low,test_mrr_ci_high,test_mean_target_probability_mean,test_mean_target_probability_ci_low,test_mean_target_probability_ci_high
phasewrap_bias,5,0,256,512,5.618299,5.617591,5.619006,275.420525,275.225718,275.615332,0.0,0.0,0.0,0.00633,0.006322,0.006343,0.003856,0.003852,0.00386
phasewrap_adapter,5,0,256,512,2.110092,2.026155,2.183167,8.282476,7.610194,8.875283,0.66875,0.64375,0.7,0.745096,0.725655,0.761476,0.164768,0.148995,0.181033
rope_relative,5,0,256,512,5.760238,5.412887,6.164007,353.06111,225.586153,533.86757,0.00625,0.0,0.01875,0.044751,0.035243,0.054887,0.005589,0.004922,0.006252
alibi,5,0,256,512,5.221903,5.150501,5.285375,185.837517,172.904421,197.415688,0.0,0.0,0.0,0.086369,0.079194,0.093869,0.00722,0.006586,0.007854
sinusoidal,5,0,256,512,3.798228,3.756594,3.851195,44.681496,42.82954,46.70598,0.28125,0.21875,0.325,0.331624,0.27552,0.36576,0.023813,0.02239,0.02525
no_position,5,0,256,512,5.888817,5.888817,5.888817,360.977839,360.977839,360.977839,0.0,0.0,0.0,0.086369,0.079194,0.094009,0.002939,0.002939,0.002939
