{
  "score_by_offset": {
    "-4": 0.457435,
    "-3": 0.419889,
    "-2": 0.463702,
    "-1": 0.512563,
    "1": 0.471219,
    "2": 0.474204,
    "3": 0.45744,
    "4": 0.406611
  },
  "positive_minus_negative_offset_gap": -0.011029,
  "overall_score_mean": 0.457883
}